Id,R,Nome,Squadra,Pg,Mv,Mf,Gf,Gs,Rp,Rc,R+,R-,Ass,Asf,Amm,Esp,Au,,IV,FV,D,BID,ln(Bid),FV 19/20,FV 20/21,2 YR AVG,PREDICTED VALUE
2610,A,RONALDO,Juventus,33,6.32,8.79,23,0,0,8,6,2,2,0,3,0,0,,48,42,-6,441,6.089044875,9.33,8.79,8.96993829,289
2531,A,LUKAKU,Inter,36,6.63,8.89,18,0,0,6,6,0,9,0,4,0,0,,42,43,1,406,6.00635316,8.33,8.89,8.70327129,257
785,A,IMMOBILE,Lazio,35,6.23,7.7,16,0,0,8,4,4,6,0,3,1,0,,49,32,-17,401,5.993961427,9.49,7.7,8.29661217,207
608,A,ZAPATA D.,Atalanta,37,6.42,7.88,14,0,0,1,1,0,9,0,0,0,0,,40,32,-8,300,5.703782475,8.66,7.88,8.13994458,188
2530,A,IBRAHIMOVIC,Milan,19,6.28,8.28,12,0,0,6,3,3,2,0,2,1,0,,35,29,-6,213,5.361292166,8.17,8.28,8.24327541,200
2764,A,MARTINEZ L.,Inter,38,6.46,7.87,15,0,0,2,2,0,5,0,5,0,0,,30,32,2,181,5.198497031,7.29,7.87,7.67661177,131
647,A,DZEKO,Roma,27,5.96,6.76,7,0,0,1,0,1,3,0,2,0,0,,31,17,-14,178,5.18178355,8.01,6.76,7.17661893,69
441,A,BELOTTI,Torino,35,6.43,7.6,9,0,0,5,4,1,6,0,4,0,0,,29,30,1,172,5.147494477,7.41,7.6,7.53661353,114
2819,A,CAPUTO,Sassuolo,25,6.12,7.65,8,0,0,3,3,0,4,0,1,0,0,,34,27,-7,158,5.062595033,8.31,7.65,7.86994623,154
2719,A,BARROW,Bologna,38,6,6.76,8,0,0,1,0,1,6,2,0,0,0,,23,19,-4,116,4.753590191,7.28,6.76,6.93328584,39
186,A,REBIC,Milan,27,6.19,7.44,11,0,0,0,0,0,4,0,4,1,0,,27,25,-2,115,4.744932128,7.8,7.44,7.5599478,116
410,A,MERTENS,Napoli,29,6.15,7.37,9,0,0,0,0,0,7,0,2,0,0,,25,28,3,102,4.624972813,7.16,7.37,7.29994848,84
409,A,INSIGNE,Napoli,35,6.53,8.21,12,0,0,8,7,1,6,1,2,1,0,,23,36,13,82,4.406719247,6.93,8.21,7.78327629,144
1874,A,JOAO PEDRO,Cagliari,37,6.16,7.41,12,0,0,5,4,1,3,0,4,0,0,,25,27,2,67,4.204692619,7.5,7.41,7.4399481,102
2061,A,SIMEONE,Cagliari,33,5.71,6.34,6,0,0,0,0,0,1,0,1,0,0,,20,12,-8,67,4.204692619,7.01,6.34,6.56328873,1
507,A,MURIEL,Atalanta,36,6.67,8.92,20,0,0,3,2,1,8,1,0,0,0,,27,43,16,65,4.17438727,7.98,8.92,8.60660454,245
531,A,BERARDI,Sassuolo,30,6.6,8.37,10,0,0,8,7,1,6,1,4,0,0,,27,38,11,40,3.688879454,7.85,8.37,8.19660825,194
495,A,CORREA,Lazio,28,6,6.91,7,0,0,1,1,0,2,1,1,1,0,,23,20,-3,38,3.63758616,7.13,6.91,6.98328489,46
2832,A,BOGA,Sassuolo,27,5.98,6.46,4,0,0,0,0,0,1,0,0,0,0,,22,14,-8,21,3.044522438,7.21,6.46,6.70995453,12
2475,A,SANCHEZ,Inter,30,6.38,7.34,7,0,0,1,0,1,6,0,0,0,0,,24,26,2,20,2.995732274,7.5,7.34,7.3932819,96
90,A,LASAGNA,Verona,36,5.63,5.97,4,0,0,0,0,0,0,0,1,0,0,,17,8,-9,18,2.890371758,6.71,5.97,6.21662463,1
4510,A,RAFAEL LEAO,Milan,30,6.02,6.78,6,0,0,0,0,0,6,0,5,0,0,,14,20,6,12,2.48490665,6.78,6.78,6.77995254,21
123,A,INGLESE,Parma,14,5.62,5.69,0,0,0,0,0,0,2,0,2,0,0,,15,2,-13,9,2.197224577,6.34,5.69,5.90662662,1
2167,A,ORSOLINI,Bologna,34,5.97,6.74,4,0,0,3,3,0,2,1,0,0,0,,16,18,2,5,1.609437912,6.69,6.74,6.72328617,14
568,A,QUAGLIARELLA,Sampdoria,33,6.14,7.28,11,0,0,3,2,1,1,0,1,0,0,,20,25,5,38,3.63758616,7.04,7.28,7.19994912,72
2762,A,KOUAME',Fiorentina,33,5.7,5.83,1,0,0,0,0,0,1,0,4,0,0,,16,4,-12,23,3.135494216,7.44,5.83,6.36662532,1
2409,A,RIBERY,Fiorentina,29,6.12,6.4,2,0,0,0,0,0,6,0,6,1,0,,18,13,-5,20,2.995732274,6.95,6.4,6.58328835,1
2284,A,CAICEDO,Lazio,25,6.19,7.21,7,0,0,1,1,0,0,0,5,0,0,,17,18,1,11,2.397895273,6.86,7.21,7.09328298,59
247,A,PAVOLETTI,Cagliari,33,5.98,6.5,4,0,0,0,0,0,3,0,8,0,0,,15,14,-1,6,1.791759469,5.5,6.5,6.1666215,1
2163,A,CORNELIUS,Parma,29,5.66,5.83,1,0,0,0,0,0,4,0,4,0,0,,15,6,-9,3,1.098612289,7.83,5.83,6.49662519,1
1939,A,LAPADULA,Benevento,37,5.91,6.5,8,0,0,1,0,1,2,0,2,0,0,,14,15,1,2,0.693147181,7.27,6.5,6.75662091,18
4517,A,LOZANO,Napoli,32,6.31,7.34,11,0,0,0,0,0,3,0,6,0,0,,11,27,16,2,0.693147181,6.4,7.34,7.0266156,51
245,A,PANDEV,Genoa,29,6.02,6.79,6,0,0,1,1,0,3,0,5,0,0,,10,18,8,2,0.693147181,7.19,6.79,6.92328567,38
315,A,ZAZA,Torino,29,5.83,6.44,6,0,0,0,0,0,0,0,4,0,0,,13,14,1,2,0.693147181,6.54,6.44,6.47328822,1
383,A,PETAGNA,Napoli,26,6.16,7.09,4,0,0,0,0,0,3,0,0,0,0,,13,16,3,2,0.693147181,6.72,7.09,6.96661716,44
2529,C,MKHITARYAN,Roma,34,6.32,7.74,12,0,0,1,1,0,10,0,2,0,0,,24,30,6,136,4.912654886,7.59,7.74,7.68994587,51
2833,C,KULUSEVSKI,Juventus,35,6.09,6.43,4,0,0,0,0,0,3,0,7,0,0,,26,16,-10,120,4.787491743,7.43,6.43,6.76328799,39
645,C,MILINKOVIC-SAVIC,Lazio,32,6.3,7.2,8,0,0,0,0,0,7,0,4,0,0,,19,24,5,100,4.605170186,6.72,7.2,7.03994976,43
2194,C,CALHANOGLU,Milan,33,6.27,6.85,3,0,0,1,1,0,3,6,4,0,0,,24,20,-4,91,4.510859507,7.24,6.85,6.97995192,42
2085,C,LUIS ALBERTO,Lazio,34,6.31,7.03,9,0,0,0,0,0,0,0,5,0,0,,25,23,-2,88,4.477336814,7.31,7.03,7.12328403,44
4427,C,MALINOVSKYI,Atalanta,36,6.39,7.44,7,0,0,1,1,0,10,1,3,0,0,,17,27,10,76,4.33073334,6.91,7.44,7.26328143,46
2002,C,CHIESA,Juventus,32,6.45,7.43,9,0,0,0,0,0,5,0,3,1,0,,23,26,3,74,4.304065093,7.15,7.43,7.33661475,47
1996,C,DE PAUL,Udinese,36,6.5,7.43,6,0,0,3,3,0,8,2,3,2,0,,20,27,7,51,3.931825633,6.96,7.43,7.27328148,46
2077,C,PASALIC,Atalanta,25,6.08,7,6,0,0,0,0,0,1,0,2,0,0,,17,17,0,51,3.931825633,6.88,7,6.95995104,42
536,C,POLITANO,Napoli,37,6.22,7.01,9,0,0,0,0,0,3,0,3,0,0,,13,24,11,50,3.912023005,6.27,7.01,6.76328451,39
1978,C,SENSI,Inter,18,6,5.91,0,0,0,0,0,0,0,0,1,1,0,,12,5,-7,45,3.80666249,7.04,5.91,6.28662492,33
4377,C,CASTROVILLI,Fiorentina,34,5.98,6.39,5,0,0,0,0,0,3,0,8,1,0,,15,14,-1,37,3.610917913,6.53,6.39,6.43662189,35
2556,C,ERIKSEN,Inter,26,6.17,6.54,3,0,0,0,0,0,0,0,1,0,0,,17,15,-2,37,3.610917913,6.31,6.54,6.46328763,35
2775,C,RUIZ,Napoli,33,6.03,6.3,3,0,0,0,0,0,0,0,1,0,0,,14,12,-2,35,3.555348061,6.39,6.3,6.32995587,33
234,C,KUCKA,Parma,28,6.11,6.79,3,0,0,4,4,0,2,0,8,0,0,,13,17,4,30,3.401197382,6.67,6.79,6.74995251,39
1870,C,BARELLA,Inter,36,6.29,6.61,3,0,0,0,0,0,5,0,5,0,0,,12,17,5,27,3.295836866,6.09,6.61,6.43662057,35
2379,C,RABIOT,Juventus,34,5.8,6.09,4,0,0,0,0,0,1,0,5,1,0,,10,10,0,13,2.564949357,5.93,6.09,6.03662409,30
236,C,LAZOVIC,Verona,32,6.15,6.58,3,0,0,0,0,0,6,0,3,0,0,,13,16,3,11,2.397895273,6.57,6.58,6.57662061,37
1850,C,KESSIE',Milan,37,6.47,7.36,2,0,0,13,11,2,4,0,8,0,0,,10,27,17,11,2.397895273,6.1,7.36,6.9399489,41
2263,C,LAZZARI,Lazio,32,6.12,6.34,2,0,0,0,0,0,5,0,2,1,1,,11,13,2,11,2.397895273,6.16,6.34,6.27995568,33
827,C,LOCATELLI,Sassuolo,34,6.28,6.53,2,0,0,2,2,0,1,0,9,0,0,,12,16,4,10,2.302585093,6.17,6.53,6.40995441,34
4449,C,TONALI,Milan,25,5.79,5.73,0,0,0,0,0,0,0,0,1,1,0,,9,4,-5,9,2.197224577,6.2,5.73,5.8866264,28
632,C,ZACCAGNI,Verona,36,6.3,6.79,4,0,0,1,1,0,5,0,6,0,0,,12,21,9,8,2.079441542,6.36,6.79,6.64661928,38
1987,C,JANKTO,Sampdoria,35,5.91,6.47,6,0,0,0,0,0,3,0,6,0,0,,11,15,4,2,0.693147181,6.2,6.47,6.3799548,34
4514,C,NANDEZ,Cagliari,32,6.09,6.23,2,0,0,0,0,0,3,0,7,1,0,,10,12,2,2,0.693147181,6.33,6.23,6.26328969,33
20,C,CIGARINI,Crotone,14,5.86,5.68,0,0,0,0,0,0,0,0,3,1,0,,5,5,0,2,0.693147181,5.98,5.68,5.77996014,26
530,C,PELLEGRINI LO.,Roma,34,6.3,6.94,6,0,0,1,1,0,3,2,10,0,0,,15,20,5,75,4.317488114,6.5,6.94,6.7932849,40
2215,C,VERETOUT,Roma,29,6.32,7.36,5,0,0,5,5,0,0,1,4,0,0,,15,23,8,46,3.828641396,6.75,7.36,7.15661535,44
376,C,VERDI,Torino,33,5.75,5.91,1,0,0,0,0,0,1,4,6,0,0,,14,8,-6,45,3.80666249,6.2,5.91,6.0066252,29
265,C,BROZOVIC,Inter,33,6.15,6.38,2,0,0,0,0,0,4,2,7,1,0,,13,15,2,40,3.688879454,6.58,6.38,6.44662194,35
1995,C,DJURICIC,Sassuolo,32,6,6.52,4,0,0,1,1,0,3,0,5,0,0,,14,16,2,38,3.63758616,6.7,6.52,6.5799543,37
152,C,ZIELINSKI,Napoli,36,6.39,7.28,8,0,0,0,0,0,9,0,2,0,0,,12,26,14,31,3.433987204,6.18,7.28,6.91328274,41
367,C,BONAVENTURA,Fiorentina,34,6.03,6.3,3,0,0,0,0,0,2,0,5,0,0,,14,11,-3,24,3.17805383,6.62,6.3,6.40662246,34
2625,C,SORIANO,Bologna,37,6.2,6.97,9,0,0,0,0,0,4,0,5,0,0,,13,22,9,15,2.708050201,6.62,6.97,6.85328466,40
2692,C,CASTILLEJO,Milan,28,5.88,5.92,1,0,0,0,0,0,0,0,5,0,0,,13,6,-7,13,2.564949357,6.61,5.92,6.14995833,31
467,C,NAINGGOLAN,Cagliari,26,6.07,6.09,1,0,0,0,0,0,0,0,5,0,0,,22,11,-11,12,2.48490665,7.19,6.09,6.45662367,35
2166,C,BENTANCUR,Juventus,33,5.95,5.92,0,0,0,0,0,0,3,0,6,1,0,,13,8,-5,9,2.197224577,6.21,5.92,6.01662513,29
644,C,PULGAR,Fiorentina,31,5.83,5.9,1,0,0,0,0,0,1,2,8,0,0,,14,7,-7,8,2.079441542,6.64,5.9,6.14662512,31
4892,C,SAELEMAEKERS,Milan,32,5.94,6.14,2,0,0,0,0,0,4,0,5,1,0,,6,11,5,3,1.098612289,6.08,6.14,6.11995704,31
2008,C,LINETTY,Torino,27,5.69,5.71,1,0,0,0,0,0,0,0,5,0,0,,12,4,-8,3,1.098612289,6.43,5.71,5.94995979,28
2188,C,MARUSIC,Lazio,36,5.79,5.94,2,0,0,0,0,0,3,0,3,0,1,,4,7,3,2,0.693147181,6.54,5.94,6.13995822,31
627,C,IONITA,Benevento,36,5.68,5.76,2,0,0,0,0,0,0,0,6,0,0,,6,6,0,2,0.693147181,5.66,5.76,5.72662638,25
2857,C,TRAORE' HJ.,Sassuolo,35,6.14,6.58,5,0,0,0,0,0,2,0,6,0,0,,8,15,7,2,0.693147181,6.48,6.58,6.54662064,36
4515,C,AGUDELO,Spezia,29,5.89,6,1,0,0,0,0,0,2,0,4,0,0,,4,7,3,2,0.693147181,5.9,6,5.9666247,29
2160,D,GOSENS,Atalanta,32,6.27,7.28,11,0,0,0,0,0,6,0,7,1,1,,24,25,1,78,4.356708827,7.38,7.28,7.31328234,51
4292,D,HERNANDEZ T.,Milan,33,6.21,6.86,7,0,0,0,0,0,5,0,9,0,0,,21,21,0,73,4.290459441,6.73,6.86,6.81661869,37
2759,D,CRISCITO,Genoa,23,6.09,6.09,0,0,0,1,1,0,0,0,6,0,0,,14,8,-6,65,4.17438727,6.58,6.09,6.25329054,21
286,D,BONUCCI,Juventus,26,5.98,6.16,2,0,0,0,0,0,0,0,3,0,0,,13,9,-4,43,3.761200116,6.4,6.16,6.2399568,21
322,D,DE VRIJ,Inter,32,6.22,6.28,1,0,0,0,0,0,0,0,2,0,0,,15,13,-2,42,3.737669618,6.6,6.28,6.3866226,25
1852,D,SPINAZZOLA,Roma,27,6.2,6.52,2,0,0,0,0,0,4,0,0,0,1,,10,12,2,40,3.688879454,6.43,6.52,6.48995439,28
697,D,CUADRADO,Juventus,30,6.31,6.64,1,0,0,1,1,0,6,3,9,1,0,,13,16,3,40,3.688879454,6.18,6.64,6.48662034,28
513,D,ACERBI,Lazio,32,6.05,5.94,0,0,0,0,0,0,1,0,7,1,0,,15,9,-6,40,3.688879454,6.43,5.94,6.10329159,17
2164,D,MILENKOVIC,Fiorentina,34,5.84,5.97,3,0,0,0,0,0,0,0,7,1,0,,14,9,-5,38,3.63758616,6.46,5.97,6.13329138,18
2707,D,YOUNG,Inter,26,5.91,6.14,1,0,0,0,0,0,4,0,4,0,0,,12,7,-5,38,3.63758616,7.03,6.14,6.43662339,26
4428,D,DE LIGT,Juventus,27,6.22,6.3,1,0,0,0,0,0,1,0,4,0,0,,15,12,-3,36,3.583518938,6.38,6.3,6.32662254,23
2130,D,HATEBOER,Atalanta,22,6.16,6.41,2,0,0,0,0,0,1,0,3,0,0,,11,10,-1,35,3.555348061,5.85,6.41,6.22328865,20
2214,D,KOLAROV,Inter,7,5.12,5.38,0,0,0,0,0,0,0,1,0,0,0,,14,7,-7,28,3.33220451,6.52,5.38,5.75996196,7
581,D,FARAONI,Verona,34,6.07,6.46,4,0,0,0,0,0,5,0,8,0,0,,14,14,0,27,3.295836866,6.51,6.46,6.47662143,27
252,D,BIRAGHI,Fiorentina,35,5.91,6.03,1,0,0,0,0,0,4,1,8,0,0,,8,10,2,26,3.258096538,6.43,6.03,6.16329099,18
288,D,CHIELLINI,Juventus,17,6.09,5.91,0,0,0,0,0,0,1,0,4,0,1,,11,6,-5,25,3.218875825,6.88,5.91,6.23329164,20
392,D,KOULIBALY,Napoli,26,6.17,5.98,0,0,0,0,0,0,0,0,8,1,0,,14,8,-6,20,2.995732274,5.62,5.98,5.85995826,10
2816,D,DI LORENZO,Napoli,36,5.97,6.15,3,0,0,0,0,0,3,0,11,0,0,,12,11,-1,19,2.944438979,6.17,6.15,6.15662361,18
787,D,DJIMSITI,Atalanta,33,6.09,6.03,0,0,0,0,0,0,2,0,8,0,0,,9,10,1,18,2.890371758,6.21,6.03,6.08995773,16
2572,D,GODIN,Cagliari,28,5.89,5.95,1,0,0,0,0,0,0,0,3,0,0,,9,8,-1,17,2.833213344,6.11,5.95,6.00329163,14
695,D,TOLOI,Atalanta,31,5.94,5.97,2,0,0,0,0,0,0,0,10,0,0,,12,8,-4,16,2.772588722,6.35,5.97,6.09662475,17
2309,D,PEZZELLA GER.,Fiorentina,32,5.75,5.77,1,0,0,0,0,0,0,0,5,0,0,,10,6,-4,16,2.772588722,6.16,5.77,5.89995948,11
142,D,MARIO RUI,Napoli,27,5.92,5.9,0,0,0,0,0,0,0,1,4,0,0,,8,5,-3,13,2.564949357,5.74,5.9,5.84662542,10
4237,D,DANILO,Juventus,34,6.29,6.41,1,0,0,0,0,0,4,0,6,0,0,,5,15,10,11,2.397895273,5.95,6.41,6.25662195,21
2633,D,KJAER,Milan,28,6.27,6.25,0,0,0,0,0,0,1,0,3,0,0,,8,12,4,11,2.397895273,5.9,6.25,6.1332897,18
1847,D,CALDARA,Atalanta,6,5.88,5.75,0,0,0,0,0,0,0,0,1,0,0,,6,1,-5,11,2.397895273,5.81,5.75,5.76995973,7
2288,D,N'KOULOU,Torino,18,5.64,5.67,1,0,0,0,0,0,0,0,5,0,0,,11,3,-8,10,2.302585093,5.79,5.67,5.70996027,6
459,D,MANOLAS,Napoli,30,6,5.91,0,0,0,0,0,0,0,0,5,0,0,,13,7,-6,10,2.302585093,6.42,5.91,6.07995846,16
2169,D,RODRIGUEZ R.,Torino,16,5.41,5.38,0,0,0,0,0,0,0,0,1,0,0,,9,1,-8,10,2.302585093,5.8,5.38,5.5199622,0
73,D,GAGLIOLO,Parma,28,5.69,5.81,2,0,0,0,0,0,0,0,6,0,0,,9,5,-4,9,2.197224577,6.27,5.81,5.96329251,13
2181,D,PALOMINO,Atalanta,36,5.97,6.05,1,0,0,0,0,0,1,0,3,0,0,,9,9,0,9,2.197224577,6.05,6.05,6.04995765,15
546,D,BRUNO PERES,Roma,30,5.87,5.94,1,0,0,0,0,0,2,0,6,0,0,,9,6,-3,9,2.197224577,6.47,5.94,6.11662491,17
4495,D,KUMBULLA,Roma,21,5.87,5.84,1,0,0,0,0,0,0,0,7,0,0,,10,4,-6,6,1.791759469,6.12,5.84,5.93329236,12
4332,D,DEMIRAL,Juventus,15,6.09,6.14,0,0,0,0,0,0,1,0,1,0,0,,6,4,-2,6,1.791759469,6.83,6.14,6.36995679,24
226,D,IZZO,Torino,25,5.96,6.14,2,0,0,0,0,0,0,0,3,0,0,,10,11,1,5,1.609437912,5.74,6.14,6.00662382,14
4521,D,MULDUR,Sassuolo,28,5.96,5.96,0,0,0,0,0,0,1,0,2,0,0,,6,7,1,5,1.609437912,6.32,5.96,6.07995816,16
4422,D,TOMIYASU,Bologna,31,5.94,6,2,0,0,0,0,0,0,0,4,0,1,,8,8,0,4,1.386294361,5.9,6,5.9666247,13
4307,D,ROMERO,Atalanta,31,6.34,6.44,2,0,0,0,0,0,2,0,10,0,0,,9,15,6,3,1.098612289,5.75,6.44,6.20995515,20
2860,D,MALCUIT,Fiorentina,7,5.7,5.7,0,0,0,0,0,0,0,0,0,0,0,,4,1,-3,2,0.693147181,6,5.7,5.79996,8
550,D,MAKSIMOVIC,Napoli,17,5.46,5.29,0,0,0,0,0,0,0,0,1,0,1,,9,1,-8,2,0.693147181,6,5.29,5.5266294,1
2525,D,DARMIAN,Inter,29,6.2,6.63,3,0,0,0,0,0,3,0,5,0,0,,7,14,7,2,0.693147181,5.95,6.63,6.40328715,25
253,D,D'AMBROSIO,Inter,19,6.06,7.12,3,0,0,0,0,0,0,0,2,0,0,,8,9,1,2,0.693147181,6.58,7.12,6.93995034,40
2315,D,STRYGER LARSEN,Udinese,33,5.8,5.98,2,0,0,0,0,0,0,0,0,0,0,,9,8,-1,2,0.693147181,6.17,5.98,6.04329141,15
140,D,HYSAJ,Napoli,24,5.93,5.93,0,0,0,0,0,0,1,0,2,0,0,,6,7,1,2,0.693147181,6.05,5.93,5.96995845,13
329,D,RADU,Lazio,31,5.82,5.88,0,0,0,0,0,0,3,0,2,0,0,,8,7,-1,2,0.693147181,5.9,5.88,5.8866255,11
662,D,ALEX SANDRO,Juventus,26,6.06,6.23,2,0,0,0,0,0,1,0,2,0,1,,12,11,-1,36,3.583518938,6.07,6.23,6.17662311,19
798,D,SKRINIAR,Inter,32,6.31,6.58,3,0,0,0,0,0,0,0,1,0,0,,8,17,9,22,3.091042453,5.94,6.58,6.36662082,24
2296,D,MANCINI,Roma,33,6.14,6.41,4,0,0,0,0,0,2,0,10,0,0,,10,14,4,15,2.708050201,5.88,6.41,6.23328864,20
2788,D,BREMER,Torino,33,6.08,6.5,5,0,0,0,0,0,0,0,2,0,0,,7,15,8,2,0.693147181,6,6.5,6.333288,23
2104,D,BERESZYNSKI,Sampdoria,31,5.84,5.9,1,0,0,0,0,0,0,0,2,0,0,,5,7,2,2,0.693147181,5.25,5.9,5.68329225,5
706,D,ANSALDI,Torino,31,6.04,6.33,0,0,0,1,1,0,5,0,1,0,0,,8,13,5,2,0.693147181,6.52,6.33,6.39328896,25
453,P,SZCZESNY,Juventus,30,6.22,5.38,0,32,2,0,0,0,1,0,0,0,0,,17,16,-1,150,5.010635294,5.14,5.38,5.29996242,
250,P,HANDANOVIC,Inter,37,6.03,5.23,0,33,2,0,0,0,0,0,1,0,1,,18,15,-3,150,5.010635294,5.3,5.23,5.2532967,
350,P,DONNARUMMA G.,Milan,37,6.28,5.32,0,38,1,0,0,0,0,0,1,0,0,,16,16,0,125,4.828313737,5.39,5.32,5.34329607,
1934,P,STRAKOSHA,Lazio,9,5.94,4.33,0,14,0,0,0,0,0,0,1,0,0,,15,7,-8,55,4.007333185,5.16,4.33,4.60663608,
1917,P,DRAGOWSKI,Fiorentina,36,6.21,4.85,0,55,2,0,0,0,0,0,0,0,0,,12,11,-1,50,3.912023005,5,4.85,4.899966,
4419,P,PAU LOPEZ,Roma,21,6.1,4.71,0,29,0,0,0,0,0,0,0,0,0,,13,8,-5,47,3.850147602,4.72,4.71,4.71330036,
2179,P,SIRIGU,Torino,32,6.02,4.08,0,62,0,0,0,0,0,0,0,0,0,,11,4,-7,41,3.713572067,4.68,4.08,4.27997124,
2178,P,CRAGNO,Cagliari,34,6.37,4.79,0,53,0,0,0,0,0,0,1,0,0,,11,11,0,18,2.890371758,5.31,4.79,4.96329963,
2792,P,MUSSO,Udinese,35,6.13,4.6,0,51,0,0,0,0,0,0,5,0,0,,11,9,-2,13,2.564949357,5.08,4.6,4.75996764,
218,P,PERIN,Genoa,32,6.25,4.83,0,44,0,0,0,0,0,0,1,1,0,,8,11,3,2,0.693147181,4.29,4.83,4.64996637,
2211,P,SILVESTRI,Verona,34,6.21,4.9,0,42,0,0,0,0,0,0,1,0,1,,11,10,-1,2,0.693147181,4.94,4.9,4.91329902,
509,P,CONSIGLI,Sassuolo,37,6.38,4.93,0,56,1,0,0,0,0,0,1,0,0,,10,13,3,2,0.693147181,4.42,4.93,4.75996566,
133,P,SKORUPSKI,Bologna,28,6.09,4.64,0,46,2,0,0,0,0,0,1,0,0,,8,9,1,2,0.693147181,4.31,4.64,4.52996763,
159,P,SEPE,Parma,36,6,3.89,0,76,0,0,0,0,0,0,0,0,0,,9,3,-6,2,0.693147181,4.96,3.89,4.24663908,
610,P,GOLLINI,Atalanta,25,6.1,5.26,0,26,2,0,0,0,0,0,0,1,0,,13,15,2,51,3.931825633,4.83,5.26,5.11662999,
387,P,REINA,Lazio,29,6.12,4.69,0,41,0,0,0,0,0,0,1,0,0,,1,10,9,4,1.386294361,8.5,4.69,5.9599659,
,,,,,,,,,,,,,,,,,,,,,,,,,,,
4992,A,GYASI,Spezia,37,5.96,6.4,4,0,0,0,0,0,6,0,4,0,0,,9,13,4,,,,5.96,,51.91355885
4421,D,AUGELLO,Sampdoria,37,5.92,6.03,1,0,0,0,0,0,3,0,2,1,0,,7,10,3,,,,5.92,,39.8215292
761,P,AUDERO,Sampdoria,37,6.38,5.11,0,54,2,0,0,0,1,0,0,0,0,,8,14,6,,,,6.38,,9.754860861
4957,P,MONTIPO',Benevento,37,5.99,3.97,0,74,1,0,0,0,0,0,3,0,1,,7,4,-3,,,,5.99,,-27.50166295
4970,A,MESSIAS,Crotone,36,6.24,6.99,9,0,0,0,0,0,2,1,6,0,0,,8,21,13,,,,6.24,,71.19544398
280,A,PALACIO,Bologna,36,6.06,6.59,5,0,0,0,0,0,5,0,5,0,0,,10,15,5,,,,6.06,,58.12297949
238,C,RINCON,Torino,36,5.86,5.83,1,0,0,0,0,0,1,0,8,1,0,,5,8,3,,,,5.86,,33.28529695
254,D,DIMARCO,Verona,35,6.14,6.57,5,0,0,0,0,0,2,1,6,0,0,,4,16,12,,,,6.14,,57.46935626
1998,A,PJACA,Genoa,35,5.81,6.19,3,0,0,0,0,0,2,0,0,0,0,,3,10,7,,,,5.81,,45.050515
4978,C,DAMSGAARD,Sampdoria,35,6.03,6.32,2,0,0,0,0,0,3,1,3,0,0,,6,12,6,,,,6.03,,49.29906596
22,C,DE ROON,Atalanta,35,6.07,6.06,1,0,0,0,0,0,1,0,7,1,0,,9,11,2,,,,6.07,,40.80196403
4412,D,RODRIGO BECAO,Udinese,35,5.82,5.83,1,0,0,0,0,0,0,0,5,0,0,,6,7,1,,,,5.82,,33.28529695
729,D,PEREIRA P.,Crotone,35,5.72,5.75,0,0,0,0,0,0,4,0,6,0,0,,3,6,3,,,,5.72,,30.67080405
578,D,DANILO LAR.,Bologna,35,5.6,5.51,0,0,0,0,0,0,1,0,8,0,0,,7,3,-4,,,,5.6,,22.82732536
2172,C,BARAK,Verona,34,6.09,6.69,7,0,0,0,0,0,3,0,5,1,0,,11,18,7,,,,6.09,,61.39109561
2744,C,SVANBERG,Bologna,34,5.95,6.36,5,0,0,0,0,0,2,0,6,1,0,,4,13,9,,,,5.95,,50.60631241
302,C,PEREYRA,Udinese,34,6.29,6.76,4,0,0,1,1,0,5,0,8,0,0,,11,19,8,,,,6.29,,63.6787769
28,C,KURTIC,Parma,34,5.75,6.03,4,0,0,0,0,0,0,0,5,0,0,,9,9,0,,,,5.75,,39.8215292
788,C,FREULER,Atalanta,34,6.3,6.52,2,0,0,0,0,0,3,0,5,0,0,,11,17,6,,,,6.3,,55.8352982
4393,C,SCHOUTEN,Bologna,34,5.91,5.88,1,0,0,0,0,0,1,0,8,1,0,,6,7,1,,,,5.91,,34.91935501
4962,A,IMPROTA,Benevento,34,5.69,5.62,1,0,0,0,0,0,0,0,7,0,1,,3,4,1,,,,5.69,,26.42225309
779,C,CRISTANTE,Roma,34,5.82,5.77,1,0,0,0,0,0,1,0,8,0,1,,8,6,-2,,,,5.82,,31.32442728
4461,D,ZAPPA,Cagliari,34,5.85,5.94,0,0,0,0,0,0,4,0,3,0,0,,3,7,4,,,,5.85,,36.88022469
4423,C,HERNANI,Parma,33,5.89,6.48,6,0,0,1,1,0,2,1,11,0,0,,6,14,8,,,,5.89,,54.52805175
4404,C,THORSBY,Sampdoria,33,6.03,6.18,3,0,0,0,0,0,1,0,10,0,0,,8,11,3,,,,6.03,,44.72370338
4479,C,ELMAS,Napoli,33,5.88,6.17,2,0,0,0,0,0,1,0,2,0,0,,9,8,-1,,,,5.88,,44.39689177
4890,C,TAMEZE,Verona,33,5.92,5.92,1,0,0,0,0,0,0,0,6,0,0,,6,8,2,,,,5.92,,36.22660146
118,C,RADOVANOVIC,Genoa,33,5.75,5.67,0,0,0,0,0,0,0,0,6,0,0,,3,4,1,,,,5.75,,28.05631115
4501,C,OBIANG,Sassuolo,33,5.85,5.77,0,0,0,0,0,0,1,0,4,1,0,,5,4,-1,,,,5.85,,31.32442728
313,A,MORATA,Juventus,32,6.15,7.4,10,0,0,1,1,0,7,0,3,1,0,,24,27,3,,,,6.15,,84.59472009
2009,C,LUKIC,Torino,32,5.89,6.11,3,0,0,0,0,0,0,0,4,0,0,,4,10,6,,,,5.89,,42.4360221
357,D,CALABRIA,Milan,32,6.23,6.28,2,0,0,0,0,0,1,0,7,0,1,,5,12,7,,,,6.23,,47.99181951
2391,C,EKDAL,Sampdoria,32,5.88,5.97,2,0,0,0,0,0,1,0,9,0,0,,8,7,-1,,,,5.88,,37.86065952
4895,D,YOSHIDA,Sampdoria,32,6.1,6.21,1,0,0,0,0,0,2,0,5,0,0,,7,11,4,,,,6.1,,45.70413822
4885,C,VILLAR,Roma,32,5.96,5.87,0,0,0,0,0,0,1,0,7,0,0,,2,6,4,,,,5.96,,34.5925434
5286,C,AKPA AKPRO,Lazio,32,5.96,5.82,0,0,0,0,0,0,1,0,9,0,0,,1,5,4,,,,5.96,,32.95848534
134,D,BARBA,Benevento,32,5.7,5.58,0,0,0,0,0,0,2,0,8,0,1,,2,4,2,,,,5.7,,25.11500664
2209,C,LUCAS LEIVA,Lazio,32,5.83,5.67,0,0,0,0,0,0,0,0,10,0,0,,8,5,-3,,,,5.83,,28.05631115
5233,A,MAYORAL,Roma,31,6.09,7.57,10,0,0,0,0,0,3,0,1,0,0,,9,26,17,,,,6.09,,90.1505175
5311,A,SHOMURODOV,Genoa,31,6.17,6.98,8,0,0,0,0,0,1,0,1,0,0,,9,20,11,,,,6.17,,70.86863237
2653,D,LYKOGIANNIS,Cagliari,31,5.8,6.1,4,0,0,0,0,0,2,0,6,2,0,,2,9,7,,,,5.8,,42.10921048
2154,A,VIGNATO,Bologna,31,6,6.2,1,0,0,0,0,0,4,0,4,0,0,,3,9,6,,,,6,,45.37732661
115,C,HETEMAJ,Benevento,31,5.84,5.83,0,0,0,0,0,0,2,0,5,0,0,,3,7,4,,,,5.84,,33.28529695
4522,C,AMRABAT,Fiorentina,31,5.9,5.78,0,0,0,0,0,0,0,0,7,0,0,,10,5,-5,,,,5.9,,31.65123889
1958,A,CAPRARI,Benevento,30,6,6.52,5,0,0,1,0,1,3,3,3,1,0,,11,15,4,,,,6,,55.8352982
5287,C,ARSLAN,Udinese,30,5.91,6.07,3,0,0,0,0,0,0,0,9,0,0,,3,8,5,,,,5.91,,41.12877565
4963,A,INSIGNE R.,Benevento,30,5.93,6.25,2,0,0,0,0,0,4,0,2,0,0,,6,11,5,,,,5.93,,47.01138467
2739,D,RECA,Crotone,30,5.9,6.05,2,0,0,0,0,0,2,0,7,0,0,,3,8,5,,,,5.9,,40.47515242
170,C,BADELJ,Genoa,30,6.14,6.22,1,0,0,0,0,0,3,0,7,0,0,,3,11,8,,,,6.14,,46.03094983
790,D,SAMIR,Udinese,30,5.9,5.9,1,0,0,0,0,0,0,0,6,0,0,,5,7,2,,,,5.9,,35.57297824
2789,C,MEITE',Milan,30,5.92,6.06,1,0,0,0,0,0,1,0,2,0,0,,6,7,1,,,,5.92,,40.80196403
4967,D,GOLEMIC,Crotone,30,5.46,5.57,1,0,0,1,1,0,0,0,4,1,0,,5,4,-1,,,,5.46,,24.78819503
2392,C,WALACE,Udinese,30,5.91,5.84,0,0,0,0,0,0,0,0,4,0,0,,6,7,1,,,,5.91,,33.61210856
2192,D,BONIFAZI,Udinese,30,5.88,5.8,0,0,0,0,0,0,0,0,4,0,0,,6,7,1,,,,5.88,,32.30486211
4493,D,DAWIDOWICZ,Verona,30,5.87,5.72,0,0,0,0,0,0,0,0,9,0,0,,4,5,1,,,,5.87,,29.69036921
15,D,MASIELLO,Genoa,30,5.68,5.58,0,0,0,0,0,0,0,0,6,0,0,,4,4,0,,,,5.68,,25.11500664
472,A,DESTRO,Genoa,29,6.16,7.42,11,0,0,0,0,0,1,0,5,0,0,,9,25,16,,,,6.16,,85.24834332
1879,A,FARIAS,Spezia,29,5.9,6.35,4,0,0,0,0,0,2,0,5,0,0,,9,12,3,,,,5.9,,50.27950079
4998,D,MOLINA N.,Udinese,29,5.84,6.26,2,0,0,0,0,0,5,0,1,0,0,,4,12,8,,,,5.84,,47.33819628
5007,C,ILIC,Verona,29,5.93,6.11,2,0,0,0,0,0,0,0,2,0,0,,4,10,6,,,,5.93,,42.4360221
4681,C,LOPEZ M.,Sassuolo,29,5.86,5.95,2,0,0,0,0,0,0,0,7,0,0,,6,8,2,,,,5.86,,37.2070363
2784,D,COLLEY,Sampdoria,29,5.88,5.98,2,0,0,0,0,0,0,0,6,0,0,,8,9,1,,,,5.88,,38.18747114
287,D,CACERES,Fiorentina,29,5.73,5.96,2,0,0,0,0,0,2,0,4,0,0,,7,6,-1,,,,5.73,,37.53384791
487,D,DE SILVESTRI,Bologna,29,5.71,5.86,2,0,0,0,0,0,0,0,4,0,0,,8,6,-2,,,,5.71,,34.26573179
1851,C,MOLINA S.,Crotone,29,5.84,5.93,1,0,0,0,0,0,2,0,1,0,1,,6,8,2,,,,5.84,,36.55341307
2265,C,SCHIATTARELLA,Benevento,29,5.88,5.73,1,0,0,0,0,0,1,0,14,1,0,,4,4,0,,,,5.88,,30.01718083
2814,P,PROVEDEL,Spezia,29,6.05,4.24,0,55,1,0,0,0,0,0,1,0,0,,1,6,5,,,,6.05,,-18.67774941
177,A,ILICIC,Atalanta,28,6.27,7.2,4,0,0,2,2,0,9,0,2,0,0,,27,23,-4,,,,6.27,,78.05848784
801,C,GAGLIARDINI,Inter,28,6.05,6.5,3,0,0,0,0,0,2,0,2,0,0,,7,11,4,,,,6.05,,55.18167498
643,A,DEFREL,Sassuolo,28,5.93,6.3,3,0,0,0,0,0,2,0,1,0,0,,11,12,1,,,,5.93,,48.64544273
2741,C,PESSINA,Atalanta,28,6.23,6.46,2,0,0,0,0,0,1,0,2,0,0,,7,14,7,,,,6.23,,53.87442853
4899,D,SINGO,Torino,28,5.91,6.02,1,0,0,0,0,0,2,0,2,1,0,,2,8,6,,,,5.91,,39.49471759
5000,D,MAGALLAN,Crotone,28,5.55,5.52,1,0,0,0,0,0,1,0,10,0,0,,5,4,-1,,,,5.55,,23.15413697
4869,C,DOMINGUEZ,Bologna,28,5.9,5.87,1,0,0,0,0,0,0,0,8,0,0,,7,5,-2,,,,5.9,,34.5925434
1891,D,CECCHERINI,Verona,28,5.91,5.66,0,0,0,0,0,0,0,0,10,0,1,,4,5,1,,,,5.91,,27.72949954
2174,D,VENUTI,Fiorentina,28,5.67,5.58,0,0,0,0,0,0,1,0,3,0,1,,3,4,1,,,,5.67,,25.11500664
2318,D,ROGERIO,Sassuolo,28,5.88,5.81,0,0,0,0,0,0,0,0,4,0,0,,6,5,-1,,,,5.88,,32.63167373
4371,A,RASPADORI,Sassuolo,27,6.28,7.15,6,0,0,0,0,0,0,0,1,0,0,,3,16,13,,,,6.28,,76.42442978
474,A,GERVINHO,Parma,27,5.7,6.3,5,0,0,0,0,0,1,0,0,0,0,,14,11,-3,,,,5.7,,48.64544273
1933,C,MANDRAGORA,Torino,27,5.87,6.15,3,0,0,0,0,0,0,1,3,1,0,,5,11,6,,,,5.87,,43.74326855
600,C,VERRE,Sampdoria,27,6.11,6.59,3,0,0,0,0,0,3,0,3,0,0,,8,12,4,,,,6.11,,58.12297949
4982,D,ERLIC,Spezia,27,5.82,6.14,3,0,0,0,0,0,1,0,6,0,0,,6,7,1,,,,5.82,,43.41645693
2316,C,ZANELLATO,Crotone,27,5.8,5.92,1,0,0,0,0,0,1,0,3,0,0,,2,6,4,,,,5.8,,36.22660146
4960,D,TUIA,Benevento,27,5.6,5.6,1,0,0,0,0,0,0,0,6,0,0,,3,3,0,,,,5.6,,25.76862987
5290,C,ESTEVEZ,Spezia,27,5.87,5.85,0,0,0,0,0,0,1,2,7,0,0,,3,6,3,,,,5.87,,33.93892018
2758,D,GUNTER,Verona,27,5.98,5.98,0,0,0,0,0,0,2,0,4,0,0,,7,7,0,,,,5.98,,38.18747114
184,C,BERNARDESCHI,Juventus,27,5.76,5.79,0,0,0,0,0,0,2,0,3,0,0,,10,4,-6,,,,5.76,,31.9780505
2137,A,SCAMACCA,Genoa,26,6.17,7.08,6,0,0,2,2,0,2,0,1,0,1,,1,20,19,,,,6.17,,74.13674849
4415,A,SKOV OLSEN,Bologna,26,5.92,6.26,2,0,0,0,0,0,3,0,1,0,0,,6,12,6,,,,5.92,,47.33819628
537,A,SANSONE,Bologna,26,5.91,6.22,2,0,0,0,0,0,1,1,2,0,0,,9,11,2,,,,5.91,,46.03094983
430,C,BRUGMAN,Parma,26,6,6.02,1,0,0,0,0,0,1,0,7,0,0,,5,7,2,,,,6,,39.49471759
4249,C,PEREIRA A.,Lazio,26,5.79,5.88,1,0,0,0,0,0,2,0,5,1,0,,9,6,-3,,,,5.79,,34.91935501
2302,C,BEHRAMI,Genoa,26,5.95,5.88,0,0,0,0,0,0,0,0,1,1,0,,4,5,1,,,,5.95,,34.91935501
4426,D,TOLJAN,Sassuolo,26,5.79,5.83,0,0,0,0,0,0,2,0,2,0,0,,7,6,-1,,,,5.79,,33.28529695
2285,D,BANI,Parma,26,5.68,5.48,0,0,0,0,0,0,0,0,10,0,0,,7,3,-4,,,,5.68,,21.84689052
5336,A,NZOLA,Spezia,25,6.22,7.56,7,0,0,4,4,0,3,0,5,0,0,,5,24,19,,,,6.22,,89.82370589
554,D,ZAPPACOSTA,Genoa,25,6.22,6.72,4,0,0,0,0,0,2,0,3,0,0,,6,17,11,,,,6.22,,62.37153045
148,C,KRUNIC,Milan,25,5.88,6.12,1,0,0,0,0,0,2,0,3,0,0,,5,6,1,,,,5.88,,42.76283371
425,D,TERZI,Spezia,25,5.67,5.65,1,0,0,0,0,0,1,0,7,1,0,,3,4,1,,,,5.67,,27.40268793
4403,D,CHABOT,Spezia,25,5.75,5.68,1,0,0,0,0,0,1,0,9,1,0,,3,3,0,,,,5.75,,28.38312277
5002,C,VULIC,Crotone,25,5.85,5.98,1,0,0,0,0,0,1,0,2,0,0,,6,5,-1,,,,5.85,,38.18747114
2659,C,DABO,Benevento,25,5.85,5.74,0,0,0,0,0,0,0,0,5,0,0,,2,4,2,,,,5.85,,30.34399244
2769,D,MAGNANI,Verona,25,6.09,5.83,0,0,0,0,0,0,0,0,8,0,1,,5,5,0,,,,6.09,,33.28529695
418,D,GOLDANIGA,Genoa,25,5.85,5.73,0,0,0,0,0,0,1,0,8,0,0,,5,4,-1,,,,5.85,,30.01718083
327,D,PATRIC,Lazio,25,5.72,5.59,0,0,0,0,0,0,1,0,8,0,0,,4,3,-1,,,,5.72,,25.44181825
1882,A,SAU,Benevento,24,5.92,6.55,3,0,0,1,1,0,1,1,1,1,0,,8,10,2,,,,5.92,,56.81573304
4725,C,DEMME,Napoli,24,6.21,6.45,2,0,0,0,0,0,2,0,6,0,0,,7,13,6,,,,6.21,,53.54761692
2325,A,KARAMOH,Parma,24,5.81,6.12,2,0,0,0,0,0,1,0,3,0,0,,5,6,1,,,,5.81,,42.76283371
640,D,CHIRICHES,Sassuolo,24,5.7,5.78,2,0,0,0,0,0,1,0,6,0,1,,5,6,1,,,,5.7,,31.65123889
4994,D,VOJVODA,Torino,24,5.71,6.03,2,0,0,0,0,0,2,0,4,0,0,,8,7,-1,,,,5.71,,39.8215292
770,D,PEZZELLA GIU.,Parma,24,6.04,6.19,1,0,0,0,0,0,4,0,7,0,0,,5,9,4,,,,6.04,,45.050515
306,A,CERRI,Cagliari,24,5.85,6.15,1,0,0,0,0,0,0,0,1,0,0,,4,5,1,,,,5.85,,43.74326855
4323,D,ZEEGELAAR,Udinese,24,5.79,5.79,1,0,0,0,0,0,0,0,6,0,0,,4,5,1,,,,5.79,,31.9780505
2703,C,ADRIEN SILVA,Sampdoria,24,5.93,5.96,1,0,0,0,0,0,0,1,6,1,0,,7,6,-1,,,,5.93,,37.53384791
2252,D,MARCHIZZA,Spezia,24,5.84,5.84,0,0,0,0,0,0,1,1,4,0,0,,3,5,2,,,,5.84,,33.61210856
4934,D,LOVATO,Verona,24,5.93,5.81,0,0,0,0,0,0,0,0,5,0,0,,1,3,2,,,,5.93,,32.63167373
1871,C,DEIOLA,Cagliari,24,5.65,5.58,0,0,0,0,0,0,0,0,3,0,0,,3,3,0,,,,5.65,,25.11500664
5326,D,BUSI,Parma,24,5.37,5.34,0,0,0,0,0,0,1,0,3,0,0,,4,3,-1,,,,5.37,,17.27152794
4975,C,ESCALANTE,Lazio,24,5.95,5.82,0,0,0,0,0,0,0,0,5,0,0,,5,3,-2,,,,5.95,,32.95848534
2355,D,MARLON,Sassuolo,24,5.62,5.5,0,0,0,0,0,0,0,0,4,1,0,,7,3,-4,,,,5.62,,22.50051374
4530,D,KYRIAKOPOULOS,Sassuolo,23,5.79,5.86,1,0,0,0,0,0,0,0,1,1,0,,6,5,-1,,,,5.79,,34.26573179
144,D,TONELLI,Sampdoria,23,5.95,5.84,1,0,0,0,0,0,0,0,11,0,0,,6,5,-1,,,,5.95,,33.61210856
4435,A,COLLEY E.,Verona,23,5.95,6.08,1,0,0,0,0,0,0,0,1,0,0,,8,5,-3,,,,5.95,,41.45558726
2414,C,VIDAL,Inter,23,6.05,6.12,1,0,0,0,0,0,0,0,3,0,0,,19,9,-10,,,,6.05,,42.76283371
4959,D,FOULON,Benevento,23,5.58,5.37,0,0,0,0,0,0,0,0,4,0,1,,1,2,1,,,,5.58,,18.25196278
244,D,GHIGLIONE,Genoa,23,5.89,5.98,0,0,0,0,0,0,4,0,4,0,0,,6,6,0,,,,5.89,,38.18747114
393,D,LUPERTO,Crotone,23,5.41,5.3,0,0,0,0,0,0,0,0,3,1,0,,2,1,-1,,,,5.41,,15.9642815
27,C,GRASSI,Parma,23,5.72,5.55,0,0,0,0,0,0,0,0,3,0,1,,5,3,-2,,,,5.72,,24.1345718
526,C,DUNCAN,Cagliari,23,5.77,5.8,0,0,0,0,0,0,1,0,2,0,0,,7,4,-3,,,,5.77,,32.30486211
5327,D,OSORIO,Parma,23,5.61,5.57,0,0,0,0,0,0,0,0,2,0,0,,5,2,-3,,,,5.61,,24.78819503
2171,D,LYANCO,Torino,23,5.5,5.33,0,0,0,0,0,0,0,0,8,0,0,,6,2,-4,,,,5.5,,16.94471633
2195,A,OUNAS,Crotone,22,6.38,7.15,4,0,0,0,0,0,3,1,1,0,0,,5,21,16,,,,6.38,,76.42442978
4324,A,OKAKA,Udinese,22,5.82,6.36,4,0,0,0,0,0,1,0,2,0,0,,15,13,-2,,,,5.82,,50.60631241
2472,C,RAMSEY,Juventus,22,6.1,6.55,2,0,0,0,0,0,4,0,2,0,0,,12,12,0,,,,6.1,,56.81573304
1943,A,NESTOROVSKI,Udinese,22,6,6.5,2,0,0,0,0,0,1,0,1,0,0,,12,9,-3,,,,6,,55.18167498
505,A,BONAZZOLI,Torino,22,5.97,6.53,2,0,0,0,0,0,3,0,2,0,0,,13,9,-4,,,,5.97,,56.16210982
5332,D,BASTONI S.,Spezia,22,6,6.26,1,0,0,0,0,0,3,3,7,0,0,,1,9,8,,,,6,,47.33819628
572,P,MERET,Napoli,22,6.2,4.89,0,29,0,0,0,0,0,0,0,0,0,,8,12,4,,,,6.2,,2.565005389
2141,D,DEPAOLI,Benevento,22,5.55,5.4,0,0,0,0,0,0,0,0,2,0,1,,6,4,-2,,,,5.55,,19.23239762
4500,A,DI CARMINE,Crotone,22,5.58,5.53,0,0,0,0,0,0,0,0,2,0,0,,11,3,-8,,,,5.58,,23.48094858
215,A,VERDE,Spezia,21,6.34,7.34,6,0,0,0,0,0,1,0,0,0,0,,6,21,15,,,,6.34,,82.63385042
2304,A,SALCEDO E.,Verona,21,5.88,6.22,2,0,0,0,0,0,1,0,3,0,0,,7,8,1,,,,5.88,,46.03094983
4884,A,CARLES PEREZ,Roma,21,6.03,6.47,2,0,0,0,0,0,0,1,0,0,0,,9,9,0,,,,6.03,,54.20124014
2839,C,SOTTIL,Cagliari,21,6.03,6.32,2,0,0,0,0,0,1,0,3,0,0,,8,6,-2,,,,6.03,,49.29906596
4242,D,DALOT,Milan,21,5.91,6.03,1,0,0,0,0,0,1,0,4,0,0,,4,7,3,,,,5.91,,39.8215292
5323,D,MARTINEZ QUARTA,Fiorentina,21,5.87,5.87,1,0,0,0,0,0,0,0,4,1,0,,5,5,0,,,,5.87,,34.5925434
5009,A,RIVIERE,Crotone,21,5.79,6,1,0,0,0,0,0,1,0,2,0,0,,9,4,-5,,,,5.79,,38.84109436
2011,C,MIGUEL VELOSO,Verona,21,6.05,6.45,0,0,0,2,2,0,2,0,1,0,0,,8,10,2,,,,6.05,,53.54761692
4985,D,VIGNALI,Spezia,21,5.57,5.43,0,0,0,0,0,0,0,0,4,1,0,,3,3,0,,,,5.57,,20.21283246
633,C,FARES,Lazio,21,5.76,5.69,0,0,0,0,0,0,1,0,5,0,0,,6,4,-2,,,,5.76,,28.70993438
4407,D,IGOR,Fiorentina,21,5.67,5.53,0,0,0,0,0,0,0,0,5,0,0,,5,3,-2,,,,5.67,,23.48094858
84,D,MARRONE,Crotone,21,5.34,5.03,0,0,0,0,0,0,0,0,8,0,1,,5,3,-2,,,,5.34,,7.140367962
2818,C,BENNACER,Milan,21,5.74,5.69,0,0,0,0,0,0,1,0,4,0,0,,8,5,-3,,,,5.74,,28.70993438
5298,C,POBEGA,Spezia,20,6.1,6.85,6,0,0,0,0,0,0,0,6,0,0,,1,13,12,,,,6.1,,66.62008141
4359,A,PICCOLI,Spezia,20,6.07,7.14,5,0,0,0,0,0,0,0,0,0,0,,1,13,12,,,,6.07,,76.09761817
309,A,DYBALA,Juventus,20,6.11,6.89,4,0,0,0,0,0,3,0,0,0,0,,31,15,-16,,,,6.11,,67.92732786
2280,D,NUYTINCK,Udinese,20,6.24,6.37,1,0,0,0,0,0,0,0,1,0,0,,8,12,4,,,,6.24,,50.93312402
2869,D,DJIDJI,Crotone,20,5.58,5.64,1,0,0,0,0,0,0,0,4,0,0,,2,5,3,,,,5.58,,27.07587632
4891,D,SOUMAORO,Bologna,20,5.82,5.88,1,0,0,0,0,0,0,0,4,0,0,,5,7,2,,,,5.82,,34.91935501
4459,C,ROVELLA,Genoa,20,5.83,5.83,0,0,0,0,0,0,1,1,4,0,0,,1,5,4,,,,5.83,,33.28529695
5375,D,MAEHLE,Atalanta,20,5.92,6.03,0,0,0,0,0,0,2,0,0,0,0,,4,7,3,,,,5.92,,39.8215292
2334,C,LERIS,Sampdoria,20,5.89,5.83,0,0,0,0,0,0,0,0,1,0,0,,2,3,1,,,,5.89,,33.28529695
172,C,BORJA VALERO,Fiorentina,20,5.83,5.71,0,0,0,0,0,0,0,0,3,0,0,,5,2,-3,,,,5.83,,29.3635576
179,C,PETRICCIONE,Crotone,20,5.63,5.4,0,0,0,0,0,0,0,0,5,1,0,,5,2,-3,,,,5.63,,19.23239762
2746,D,DIJKS,Bologna,20,5.7,5.52,0,0,0,0,0,0,0,0,5,1,0,,7,3,-4,,,,5.7,,23.15413697
406,C,CALLEJON,Fiorentina,20,5.83,5.9,0,0,0,0,0,0,1,0,0,0,0,,12,4,-8,,,,5.83,,35.57297824
652,A,KALINIC,Verona,19,5.74,6.03,2,0,0,0,0,0,0,0,2,0,0,,13,5,-8,,,,5.74,,39.8215292
5004,A,FORESTIERI,Udinese,19,5.91,6.12,1,0,0,0,0,0,1,0,1,0,0,,4,8,4,,,,5.91,,42.76283371
1864,D,BRUNO ALVES,Parma,19,5.5,5.58,1,0,0,0,0,0,0,0,3,0,0,,8,3,-5,,,,5.5,,25.11500664
423,D,RISPOLI,Crotone,19,5.77,5.63,0,0,0,0,0,0,0,0,4,0,0,,5,2,-3,,,,5.77,,26.7490647
333,C,CATALDI,Lazio,19,5.73,5.58,0,0,0,0,0,0,0,0,4,0,0,,5,2,-3,,,,5.73,,25.11500664
4374,D,WALUKIEWICZ,Cagliari,19,5.5,5.53,0,0,0,0,0,0,1,0,1,0,0,,4,1,-3,,,,5.5,,23.48094858
1866,D,CEPPITELLI,Cagliari,19,5.74,5.66,0,0,0,0,0,0,0,0,3,0,0,,8,4,-4,,,,5.74,,27.72949954
4979,D,AYHAN,Sassuolo,19,5.81,5.73,0,0,0,0,0,0,0,0,2,0,0,,7,2,-5,,,,5.81,,30.01718083
5310,A,HAUGE,Milan,18,5.82,6.36,2,0,0,0,0,0,0,0,0,0,0,,6,5,-1,,,,5.82,,50.60631241
5319,C,SOHM,Parma,18,5.65,5.79,1,0,0,0,0,0,0,0,1,0,0,,2,3,1,,,,5.65,,31.9780505
374,C,POLI,Bologna,18,5.95,6,1,0,0,0,0,0,0,0,1,0,1,,3,3,0,,,,5.95,,38.84109436
5008,C,EDUARDO HENRIQUE,Crotone,18,5.65,5.71,1,0,0,0,0,0,0,0,4,0,0,,5,2,-3,,,,5.65,,29.3635576
58,C,DIAWARA,Roma,18,5.75,5.85,1,0,0,0,0,0,0,0,2,1,0,,9,4,-5,,,,5.75,,33.93892018
264,C,BESSA,Verona,18,5.96,6.08,0,0,0,0,0,0,2,0,1,0,0,,3,6,3,,,,5.96,,41.45558726
470,C,STROOTMAN,Genoa,18,6.17,6.14,0,0,0,0,0,0,3,0,7,0,0,,8,10,2,,,,6.17,,43.41645693
342,C,PAROLO,Lazio,18,5.88,5.88,0,0,0,0,0,0,2,0,5,0,0,,5,3,-2,,,,5.88,,34.91935501
4983,D,FERRER,Spezia,18,5.88,5.81,0,0,0,0,0,0,1,0,4,0,0,,5,3,-2,,,,5.88,,32.63167373
428,C,BENALI,Crotone,18,5.79,5.79,0,0,0,0,0,0,1,0,2,0,0,,9,4,-5,,,,5.79,,31.9780505
440,C,VIOLA,Benevento,17,6.24,7.15,1,0,0,4,4,0,0,1,1,0,0,,9,20,11,,,,6.24,,76.42442978
4751,D,TOMORI,Milan,17,6.26,6.44,1,0,0,0,0,0,0,0,0,0,0,,7,12,5,,,,6.26,,53.2208053
5010,D,ISMAJLI,Spezia,17,5.78,5.94,1,0,0,0,0,0,1,0,1,1,0,,3,6,3,,,,5.78,,36.88022469
4881,D,CZYBORRA,Genoa,17,5.76,5.88,1,0,0,0,0,0,0,0,2,0,0,,4,4,0,,,,5.76,,34.91935501
1915,C,TELLO,Benevento,17,5.92,6.12,1,0,0,0,0,0,0,0,2,0,0,,5,4,-1,,,,5.92,,42.76283371
311,A,LLORENTE,Udinese,17,5.78,5.91,1,0,0,0,0,0,0,0,2,0,0,,10,5,-5,,,,5.78,,35.89978985
5329,C,MAKENGO,Udinese,17,5.81,5.77,0,0,0,0,0,0,0,0,1,0,0,,4,3,-1,,,,5.81,,31.32442728
324,D,HOEDT,Lazio,17,5.67,5.42,0,0,0,0,0,0,0,0,6,0,0,,7,1,-6,,,,5.67,,19.88602084
5322,A,MIHAILA,Parma,16,6.14,6.79,3,0,0,0,0,0,1,0,2,0,0,,3,12,9,,,,6.14,,64.65921174
2290,C,EYSSERIC,Fiorentina,16,5.89,6.25,2,0,0,0,0,0,0,0,2,0,0,,1,9,8,,,,5.89,,47.01138467
407,A,GABBIADINI,Sampdoria,16,6.2,6.9,2,0,0,1,1,0,2,0,1,0,0,,17,18,1,,,,6.2,,68.25413947
4409,D,RRAHMANI,Napoli,16,6.14,6.29,1,0,0,0,0,0,0,0,2,0,0,,7,9,2,,,,6.14,,48.31863112
294,D,RUGANI,Cagliari,16,5.79,6.04,1,0,0,0,0,0,1,0,2,0,0,,6,6,0,,,,5.79,,40.14834081
305,C,STURARO,Verona,16,5.77,5.77,1,0,0,0,0,0,0,0,6,0,0,,4,4,0,,,,5.77,,31.32442728
5312,C,LEO' SENA,Spezia,16,5.93,5.93,0,0,0,0,0,0,0,0,0,0,0,,2,6,4,,,,5.93,,36.55341307
2468,P,OSPINA,Napoli,16,6.09,5.34,0,12,0,0,0,0,0,1,2,0,0,,8,10,2,,,,6.09,,17.27152794
5352,A,DI SERIO,Benevento,16,5.75,5.75,0,0,0,0,0,0,0,0,1,0,0,,1,2,1,,,,5.75,,30.67080405
338,C,LULIC,Lazio,16,5.88,5.84,0,0,0,0,0,0,0,0,1,0,0,,8,5,-3,,,,5.88,,33.61210856
2801,D,IACOPONI,Parma,16,5.5,5.07,0,0,0,0,0,0,0,0,3,1,2,,6,1,-5,,,,5.5,,8.447614411
4245,D,SMALLING,Roma,16,5.93,5.89,0,0,0,0,0,0,1,0,3,0,0,,11,4,-7,,,,5.93,,35.24616662
5394,A,GAICH,Benevento,15,5.68,6.11,2,0,0,0,0,0,0,0,1,0,0,,9,11,2,,,,5.68,,42.4360221
4886,C,PEREIRO,Cagliari,15,6,7.17,2,0,0,0,0,0,1,0,0,0,0,,10,8,-2,,,,6,,77.07805301
5292,A,LAMMERS,Atalanta,15,5.94,6.69,2,0,0,0,0,0,0,0,0,0,0,,11,7,-4,,,,5.94,,61.39109561
2825,C,BOURABIA,Sassuolo,15,5.86,6.09,1,0,0,0,0,0,0,0,2,0,0,,6,3,-3,,,,5.86,,41.78239887
5328,C,GOJAK,Torino,15,5.73,6.05,1,0,0,0,0,0,0,1,1,0,0,,8,4,-4,,,,5.73,,40.47515242
4,P,SPORTIELLO,Atalanta,15,6.23,5.03,0,21,1,0,0,0,0,0,0,0,0,,1,8,7,,,,6.23,,7.140367962
4925,D,CARBONI,Cagliari,15,5.64,5.64,0,0,0,0,0,0,1,0,2,0,0,,1,4,3,,,,5.64,,27.07587632
4946,D,FRABOTTA,Juventus,15,5.73,5.68,0,0,0,0,0,0,1,0,5,0,0,,1,1,0,,,,5.73,,28.38312277
556,C,BASELLI,Torino,15,6,5.9,0,0,0,0,0,0,0,0,2,0,0,,7,4,-3,,,,6,,35.57297824
4287,C,LOBOTKA,Napoli,15,6,5.8,0,0,0,0,0,0,0,0,2,0,0,,5,2,-3,,,,6,,32.30486211
2871,D,KLAVAN,Cagliari,15,5.55,5.5,0,0,0,0,0,0,0,0,1,0,0,,5,2,-3,,,,5.55,,22.50051374
224,D,DE MAIO,Udinese,15,5.73,5.73,0,0,0,0,0,0,0,0,1,0,0,,6,2,-4,,,,5.73,,30.01718083
479,A,SANABRIA,Torino,14,5.93,7,5,0,0,0,0,0,1,0,2,0,0,,12,12,0,,,,5.93,,71.5222556
5393,A,MAN,Parma,14,6.09,6.68,2,0,0,0,0,0,1,0,1,0,0,,9,9,0,,,,6.09,,61.064284
2121,C,MELEGONI,Genoa,14,6.12,6.06,0,0,0,0,0,0,0,0,1,0,0,,1,4,3,,,,6.12,,40.80196403
4986,C,ACAMPORA,Spezia,14,5.94,5.83,0,0,0,0,0,0,0,0,2,0,0,,1,1,0,,,,5.94,,33.28529695
141,D,LAURINI,Parma,14,5.5,5.46,0,0,0,0,0,0,0,0,1,0,0,,4,3,-1,,,,5.5,,21.19326729
1868,D,MURRU,Torino,14,5.77,5.77,0,0,0,0,0,0,0,0,0,0,0,,5,1,-4,,,,5.77,,31.32442728
4894,A,HARASLIN,Sassuolo,14,5.77,5.64,0,0,0,0,0,0,0,0,1,1,0,,6,2,-4,,,,5.77,,27.07587632
11,D,CONTI,Parma,14,5.39,5.22,0,0,0,0,0,0,0,0,3,0,0,,5,1,-4,,,,5.39,,13.3497886
2076,C,ROG,Cagliari,14,5.96,5.89,0,0,0,0,0,0,0,0,2,0,0,,8,2,-6,,,,5.96,,35.24616662
2335,D,LUIZ FELIPE,Lazio,14,5.86,5.68,0,0,0,0,0,0,0,0,5,0,0,,8,2,-6,,,,5.86,,28.38312277
4976,D,KALULU,Milan,13,5.65,5.9,1,0,0,0,0,0,0,0,1,0,0,,1,3,2,,,,5.65,,35.57297824
5401,A,PELLE',Parma,13,5.95,6.4,1,0,0,0,0,0,2,0,1,0,0,,9,9,0,,,,5.95,,51.91355885
2119,A,DEULOFEU,Udinese,13,6,6.33,1,0,0,0,0,0,1,0,0,0,0,,9,4,-5,,,,6,,49.62587757
41,P,MIRANTE,Roma,13,6.15,4.85,0,19,1,0,0,0,0,0,2,0,0,,1,4,3,,,,6.15,,1.25775894
2143,D,CUOMO,Crotone,13,5.58,5.42,0,0,0,0,0,0,0,0,4,0,0,,3,3,0,,,,5.58,,19.88602084
2083,D,BIRASCHI,Genoa,13,5.77,5.69,0,0,0,0,0,0,0,0,2,0,0,,5,4,-1,,,,5.77,,28.70993438
2357,C,CYPRIEN,Parma,13,5.7,5.6,0,0,0,0,0,0,0,0,2,0,0,,7,1,-6,,,,5.7,,25.76862987
2196,A,GALABINOV,Spezia,12,6,6.75,3,0,0,1,0,1,0,0,0,0,0,,4,5,1,,,,6,,63.35196529
5317,C,BRUNETTA,Parma,12,5.95,6.27,1,0,0,0,0,0,0,2,3,0,0,,4,5,1,,,,5.95,,47.66500789
2724,D,BUONGIORNO,Torino,12,5.67,5.5,0,0,0,0,0,0,0,0,4,0,0,,1,3,2,,,,5.67,,22.50051374
4411,C,AGOUME,Spezia,12,5.95,5.86,0,0,0,0,0,0,0,0,2,0,0,,2,2,0,,,,5.95,,34.26573179
45,D,FERRARI A.,Sampdoria,12,6,5.85,0,0,0,0,0,0,0,0,3,0,0,,3,3,0,,,,6,,33.93892018
365,D,ZAPATA C.,Genoa,12,5.83,5.75,0,0,0,0,0,0,0,0,2,0,0,,5,3,-2,,,,5.83,,30.67080405
2826,A,PUSSETTO,Udinese,11,6.18,7,3,0,0,0,0,0,1,0,2,0,0,,8,8,0,,,,6.18,,71.5222556
150,C,SAPONARA,Spezia,11,6.19,6.81,2,0,0,0,0,0,0,0,0,1,0,,7,7,0,,,,6.19,,65.31283496
819,A,FAVILLI,Verona,11,5.94,6.56,2,0,0,0,0,0,0,0,1,0,0,,5,5,0,,,,5.94,,57.14254465
475,A,IAGO FALQUE,Benevento,11,5.95,6.35,1,0,0,0,0,0,1,0,0,0,0,,14,6,-8,,,,5.95,,50.27950079
390,D,GHOULAM,Napoli,11,6.19,6.12,0,0,0,0,0,0,0,0,1,0,0,,3,2,-1,,,,6.19,,42.76283371
5300,D,HICKEY,Bologna,11,5.82,5.59,0,0,0,0,0,0,0,0,3,1,0,,2,1,-1,,,,5.82,,25.44181825
272,C,MEDEL,Bologna,11,5.82,5.86,0,0,0,0,0,0,1,0,1,0,0,,4,2,-2,,,,5.82,,34.26573179
5307,D,VALENTI,Parma,11,5.44,5.44,0,0,0,0,0,0,0,0,0,0,0,,5,3,-2,,,,5.44,,20.53964407
2728,D,PELLEGRINI LU.,Genoa,11,5.59,5.41,0,0,0,0,0,0,1,0,2,0,1,,5,1,-4,,,,5.59,,19.55920923
795,A,EL SHAARAWY,Roma,10,5.67,5.94,1,0,0,0,0,0,0,0,1,0,0,,14,10,-4,,,,5.67,,36.88022469
4406,D,TRIPALDELLI,Cagliari,10,5.42,5.33,0,0,0,0,0,0,0,0,1,0,0,,1,1,0,,,,5.42,,16.94471633
2853,A,MONCINI,Benevento,10,5.75,5.75,0,0,0,0,0,0,0,0,0,0,0,,3,2,-1,,,,5.75,,30.67080405
262,D,SANTON,Roma,10,5.7,5.55,0,0,0,0,0,0,0,0,3,0,0,,3,2,-1,,,,5.7,,24.1345718
528,C,MAGNANELLI,Sassuolo,10,5.64,5.5,0,0,0,0,0,0,0,0,2,0,0,,3,1,-2,,,,5.64,,22.50051374
312,A,MANDZUKIC,Milan,10,5.83,5.83,0,0,0,0,0,0,0,0,1,0,0,,11,7,-4,,,,5.83,,33.28529695
295,D,ASAMOAH,Cagliari,9,5.93,5.93,0,0,0,0,0,0,0,0,0,0,0,,5,4,-1,,,,5.93,,36.55341307
5011,A,DRAGUS,Crotone,9,5.4,5.4,0,0,0,0,0,0,0,0,1,0,0,,3,1,-2,,,,5.4,,19.23239762
2116,D,FARAGO',Bologna,9,5.5,5.33,0,0,0,0,0,0,0,0,2,0,0,,4,2,-2,,,,5.5,,16.94471633
447,A,LA GUMINA,Sampdoria,9,5.5,5.5,0,0,0,0,0,0,0,0,0,0,0,,4,1,-3,,,,5.5,,22.50051374
181,C,VECINO,Inter,8,6.38,7.38,1,0,0,0,0,0,1,0,0,0,0,,7,8,1,,,,6.38,,83.94109687
50,D,MBAYE,Bologna,8,5.64,5.93,1,0,0,0,0,0,0,0,2,0,0,,3,2,-1,,,,5.64,,36.55341307
2038,A,PINAMONTI,Inter,8,6.25,7,1,0,0,0,0,0,0,0,0,0,0,,11,6,-5,,,,6.25,,71.5222556
282,P,BUFFON,Juventus,8,6.31,6.06,0,5,1,0,0,0,0,0,0,0,0,,1,7,6,,,,6.31,,40.80196403
261,D,RANOCCHIA,Inter,8,6.25,6.25,0,0,0,0,0,0,1,0,2,0,0,,2,6,4,,,,6.25,,47.01138467
4401,D,GABBIA,Milan,8,6,5.83,0,0,0,0,0,0,0,0,2,0,0,,1,1,0,,,,6,,33.28529695
4919,C,BALDURSSON,Bologna,8,5.7,5.5,0,0,0,0,0,0,0,0,2,0,0,,1,1,0,,,,5.7,,22.50051374
2213,C,CASSATA,Genoa,8,5.9,5.7,0,0,0,0,0,0,0,0,2,0,0,,5,2,-3,,,,5.9,,29.03674599
517,D,DELL'ORCO,Spezia,8,5.67,5.67,0,0,0,0,0,0,0,0,0,0,0,,4,1,-3,,,,5.67,,28.05631115
5346,C,ROJAS,Crotone,7,5.5,5.5,0,0,0,0,0,0,0,0,1,0,0,,1,2,1,,,,5.5,,22.50051374
5381,D,DIERCKX,Parma,7,5.42,5.33,0,0,0,0,0,0,0,0,1,0,0,,1,2,1,,,,5.42,,16.94471633
4888,D,SUTALO,Atalanta,7,5.62,5.62,0,0,0,0,0,0,0,0,0,0,0,,3,1,-2,,,,5.62,,26.42225309
4997,D,RUEGG,Verona,7,6,6,0,0,0,0,0,0,0,0,0,0,0,,4,1,-3,,,,6,,38.84109436
521,D,PELUSO,Sassuolo,7,5.5,5.33,0,0,0,0,0,0,0,0,1,0,0,,4,1,-3,,,,5.5,,16.94471633
5005,P,ZOET,Spezia,7,6.07,4.29,0,12,0,0,0,0,0,0,1,0,0,,6,2,-4,,,,6.07,,-17.04369135
2016,D,FAZIO,Roma,6,5.9,6.3,1,0,0,0,0,0,0,0,2,0,0,,5,4,-1,,,,5.9,,48.64544273
4453,A,TORREGROSSA,Sampdoria,6,6,6.75,1,0,0,0,0,0,0,0,0,0,0,,11,6,-5,,,,6,,63.35196529
5355,D,UDOGIE,Verona,6,6,5.9,0,0,0,0,0,0,0,0,1,0,0,,1,2,1,,,,6,,35.57297824
5318,C,TRAMONI M.,Cagliari,6,5.75,5.75,0,0,0,0,0,0,0,0,1,0,0,,1,2,1,,,,5.75,,30.67080405
4921,C,ASKILDSEN,Sampdoria,6,6,5.83,0,0,0,0,0,0,0,0,2,0,0,,2,2,0,,,,6,,33.28529695
5354,D,RUGGERI,Atalanta,6,5.5,5.5,0,0,0,0,0,0,0,0,0,0,0,,1,1,0,,,,5.5,,22.50051374
40,P,DA COSTA,Bologna,6,5.42,3.75,0,9,0,0,0,0,0,0,2,0,0,,1,1,0,,,,5.42,,-34.69151842
4984,D,RAMOS,Spezia,6,5.5,5.38,0,0,0,0,0,0,0,0,1,0,0,,3,2,-1,,,,5.5,,18.57877439
4519,D,CETIN,Verona,6,5.92,5.83,0,0,0,0,0,0,0,0,1,0,0,,5,2,-3,,,,5.92,,33.28529695
630,D,SALA,Spezia,6,5.25,5.17,0,0,0,0,0,0,0,0,1,0,0,,4,1,-3,,,,5.25,,11.71573053
2781,P,FUZATO,Roma,5,6.4,5,0,7,0,0,0,0,0,0,0,0,0,,1,4,3,,,,6.4,,6.159933125
5420,C,DARBOE,Roma,5,5.88,5.62,0,0,0,0,0,0,0,0,2,0,0,,1,3,2,,,,5.88,,26.42225309
4370,C,PORTANOVA,Genoa,5,5.7,5.6,0,0,0,0,0,0,0,0,1,0,0,,1,2,1,,,,5.7,,25.76862987
5399,D,ANTOV,Bologna,5,5.38,5.25,0,0,0,0,0,0,0,0,1,0,0,,1,2,1,,,,5.38,,14.33022343
2170,P,MILINKOVIC-SAVIC V.,Torino,5,5.8,4.6,0,6,0,0,0,0,0,0,0,0,0,,1,2,1,,,,5.8,,-6.912531369
5378,A,ODDEI,Sassuolo,5,6.17,6.83,0,0,0,0,0,0,2,0,0,0,0,,1,1,0,,,,6.17,,65.96645819
4368,A,JUWARA,Bologna,5,6,6,0,0,0,0,0,0,0,0,1,0,0,,1,1,0,,,,6,,38.84109436
5398,D,REYNOLDS,Roma,5,5.6,5.6,0,0,0,0,0,0,0,0,0,0,0,,2,2,0,,,,5.6,,25.76862987
4896,C,MALDINI,Milan,5,0,0,0,0,0,0,0,0,0,0,0,0,0,,1,1,0,,,,0,,-157.2458731
2378,C,PASTORE,Roma,5,6,6,0,0,0,0,0,0,0,0,0,0,0,,5,3,-2,,,,6,,38.84109436
256,D,JUAN JESUS,Roma,5,5.75,5.75,0,0,0,0,0,0,0,0,0,0,0,,5,2,-3,,,,5.75,,30.67080405
2168,D,MUSACCHIO,Lazio,5,6,5.88,0,0,0,0,0,0,0,0,2,0,0,,7,1,-6,,,,6,,34.91935501
5395,A,BRAAF,Udinese,4,6.17,7.17,1,0,0,0,0,0,0,0,0,0,0,,4,4,0,,,,6.17,,77.07805301
2815,P,TERRACCIANO,Fiorentina,4,6.25,6,0,4,1,0,0,0,0,0,0,0,0,,1,8,7,,,,6.25,,38.84109436
4964,P,VICARIO,Cagliari,4,6.5,5,0,6,0,0,0,0,0,0,0,0,0,,1,5,4,,,,6.5,,6.159933125
4996,P,PANDUR,Verona,4,6.12,4.62,0,6,0,0,0,0,0,0,0,0,0,,1,4,3,,,,6.12,,-6.258908145
2722,P,RAVAGLIA F.,Bologna,4,5.88,3.38,0,10,0,0,0,0,0,0,0,0,0,,1,1,0,,,,5.88,,-46.78354808
318,P,MARCHETTI,Genoa,4,5.88,3.12,0,11,0,0,0,0,0,0,0,0,0,,1,1,0,,,,5.88,,-55.28065
5361,A,RABBI,Bologna,4,0,0,0,0,0,0,0,0,0,0,0,0,0,,1,1,0,,,,0,,-157.2458731
5406,D,DI PARDO,Juventus,4,0,0,0,0,0,0,0,0,0,0,0,0,0,,1,1,0,,,,0,,-157.2458731
2855,C,VIEIRA,Verona,4,5.62,5.5,0,0,0,0,0,0,0,0,1,0,0,,4,1,-3,,,,5.62,,22.50051374
5086,A,ZIRKZEE,Parma,4,5.5,5.5,0,0,0,0,0,0,0,0,0,0,0,,6,3,-3,,,,5.5,,22.50051374
5379,D,ONGUENE',Genoa,4,5,5,0,0,0,0,0,0,0,0,0,0,0,,5,1,-4,,,,5,,6.159933125
2743,A,SANTANDER,Bologna,4,5.75,6.25,0,0,0,0,0,0,1,0,0,0,0,,8,1,-7,,,,5.75,,47.01138467
5391,A,KOKORIN,Fiorentina,4,5.75,5.62,0,0,0,0,0,0,0,0,1,0,0,,10,3,-7,,,,5.75,,26.42225309
611,P,RAFAEL,Spezia,3,7,5.67,0,5,0,0,0,0,1,0,0,0,0,,1,3,2,,,,7,,28.05631115
5376,D,PASTINA,Benevento,3,6.33,6.5,0,0,0,0,0,0,1,0,1,0,0,,1,2,1,,,,6.33,,55.18167498
5353,D,BALOGH,Parma,3,5.83,5.67,0,0,0,0,0,0,0,0,1,0,0,,1,2,1,,,,5.83,,28.05631115
4390,C,ANDERSON D.,Lazio,3,5.5,5.5,0,0,0,0,0,0,0,0,0,0,0,,1,2,1,,,,5.5,,22.50051374
5415,A,TRAORE' C.,Parma,3,5.5,5.5,0,0,0,0,0,0,0,0,0,0,0,,1,2,1,,,,5.5,,22.50051374
5320,P,PALEARI,Genoa,3,6.17,5.17,0,3,0,0,0,0,0,0,0,0,0,,1,2,1,,,,6.17,,11.71573053
5341,C,EBOA EBONGUE,Genoa,3,6.5,7.5,0,0,0,0,0,0,1,0,0,0,0,,1,1,0,,,,6.5,,87.86283621
2745,D,CALABRESI,Cagliari,3,6,6,0,0,0,0,0,0,0,0,0,0,0,,1,1,0,,,,6,,38.84109436
4945,D,CALAFIORI,Roma,3,6,5.5,0,0,0,0,0,0,0,0,2,0,0,,1,1,0,,,,6,,22.50051374
4953,C,PALUMBO,Udinese,3,5,5,0,0,0,0,0,0,0,0,0,0,0,,1,1,0,,,,5,,6.159933125
490,D,REGINI,Sampdoria,3,4.5,2.5,0,0,0,0,0,0,0,0,0,0,1,,1,1,0,,,,4.5,,-75.54296996
1979,D,BARRECA,Fiorentina,3,5.75,5.75,0,0,0,0,0,0,0,0,0,0,0,,3,1,-2,,,,5.75,,30.67080405
1843,P,RADU I.,Inter,2,6,5.5,0,1,0,0,0,0,0,0,0,0,0,,1,4,3,,,,6,,22.50051374
2087,D,OLIVERA M.,Fiorentina,2,6,6,0,0,0,0,0,0,0,0,0,0,0,,1,2,1,,,,6,,38.84109436
5385,D,ZAGARITIS,Parma,2,6,6,0,0,0,0,0,0,0,0,0,0,0,,1,2,1,,,,6,,38.84109436
412,P,COLOMBI,Parma,2,6,2.5,0,7,0,0,0,0,0,0,0,0,0,,1,1,0,,,,6,,-75.54296996
4353,C,MONTIEL,Fiorentina,2,0,0,0,0,0,0,0,0,0,0,0,0,0,,1,1,0,,,,0,,-157.2458731
1950,D,MAZZOTTA,Crotone,2,4.5,4,0,0,0,0,0,0,0,0,1,0,0,,4,1,-3,,,,4.5,,-26.52122811
4520,P,LETICA,Sampdoria,1,6.5,6.5,0,0,0,0,0,0,0,0,0,0,0,,1,3,2,,,,6.5,,55.18167498
5289,P,CRESPI,Crotone,1,6.5,6.5,0,0,0,0,0,0,0,0,0,0,0,,1,3,2,,,,6.5,,55.18167498
1890,P,FESTA,Crotone,1,7,6,0,1,0,0,0,0,0,0,0,0,0,,1,3,2,,,,7,,38.84109436
4491,P,BERARDI A.,Verona,1,6,6,0,0,0,0,0,0,0,0,0,0,0,,1,3,2,,,,6,,38.84109436
5422,C,ZALEWSKI,Roma,1,6,7,0,0,0,0,0,0,1,0,0,0,0,,1,2,1,,,,6,,71.5222556
5439,A,KALLON,Genoa,1,6.5,6.5,0,0,0,0,0,0,0,0,0,0,0,,1,2,1,,,,6.5,,55.18167498
2794,A,MICIN,Udinese,1,5.5,5.5,0,0,0,0,0,0,0,0,0,0,0,,1,2,1,,,,5.5,,22.50051374
220,P,UJKANI,Torino,1,6,5,0,1,0,0,0,0,0,0,0,0,0,,1,2,1,,,,6,,6.159933125
543,P,PADELLI,Inter,1,6,5,0,1,0,0,0,0,0,0,0,0,0,,1,2,1,,,,6,,6.159933125
1930,P,PINSOGLIO,Juventus,1,6,5,0,1,0,0,0,0,0,0,0,0,0,,1,2,1,,,,6,,6.159933125
454,D,CAPRADOSSI,Spezia,1,6.5,6.5,0,0,0,0,0,0,0,0,0,0,0,,3,3,0,,,,6.5,,55.18167498
510,P,PEGOLO,Sassuolo,1,6.5,6.5,0,0,0,0,0,0,0,0,0,0,0,,1,1,0,,,,6.5,,55.18167498
4465,C,FAGIOLI,Juventus,1,6,6,0,0,0,0,0,0,0,0,0,0,0,,1,1,0,,,,6,,38.84109436
5438,C,KOSZNOVSZKY,Parma,1,5,5,0,0,0,0,0,0,0,0,0,0,0,,1,1,0,,,,5,,6.159933125
4956,P,MANFREDINI,Benevento,1,5,4,0,1,0,0,0,0,0,0,0,0,0,,1,1,0,,,,5,,-26.52122811
574,P,SCUFFET,Udinese,1,5,3,0,2,0,0,0,0,0,0,0,0,0,,1,1,0,,,,5,,-59.20238935
160,P,TATARUSANU,Milan,1,5,2,0,3,0,0,0,0,0,0,0,0,0,,1,1,0,,,,5,,-91.88355058
2733,C,SANOGO,Benevento,1,0,0,0,0,0,0,0,0,0,0,0,0,0,,1,1,0,,,,0,,-157.2458731
4366,D,ARMINI,Lazio,1,0,0,0,0,0,0,0,0,0,0,0,0,0,,1,1,0,,,,0,,-157.2458731
4938,A,MORO,Lazio,1,0,0,0,0,0,0,0,0,0,0,0,0,0,,1,1,0,,,,0,,-157.2458731
5333,P,GASPARINI,Udinese,1,0,0,0,0,0,0,0,0,0,0,0,0,0,,1,1,0,,,,0,,-157.2458731
5365,D,DRAGUSIN,Juventus,1,0,0,0,0,0,0,0,0,0,0,0,0,0,,1,1,0,,,,0,,-157.2458731
5408,D,GHISLANDI,Atalanta,1,0,0,0,0,0,0,0,0,0,0,0,0,0,,1,1,0,,,,0,,-157.2458731
5414,A,KARAMOKO IS.,Sassuolo,1,0,0,0,0,0,0,0,0,0,0,0,0,0,,1,1,0,,,,0,,-157.2458731
5419,A,CORREIA,Juventus,1,0,0,0,0,0,0,0,0,0,0,0,0,0,,1,1,0,,,,0,,-157.2458731
5421,C,CAMARA D.,Parma,1,0,0,0,0,0,0,0,0,0,0,0,0,0,,1,1,0,,,,0,,-157.2458731
5423,C,BOVE,Roma,1,0,0,0,0,0,0,0,0,0,0,0,0,0,,1,1,0,,,,0,,-157.2458731
5424,D,AMEY,Bologna,1,0,0,0,0,0,0,0,0,0,0,0,0,0,,1,1,0,,,,0,,-157.2458731
5425,C,URBANSKI,Bologna,1,0,0,0,0,0,0,0,0,0,0,0,0,0,,1,1,0,,,,0,,-157.2458731
5436,A,RAIMONDO,Bologna,1,0,0,0,0,0,0,0,0,0,0,0,0,0,,1,1,0,,,,0,,-157.2458731
5443,C,DIAMBO,Benevento,1,0,0,0,0,0,0,0,0,0,0,0,0,0,,1,1,0,,,,0,,-157.2458731
106,D,MATTIELLO,Spezia,1,6,6,0,0,0,0,0,0,0,0,0,0,0,,3,2,-1,,,,6,,38.84109436
2773,A,SPROCATI,Parma,1,5.5,5.5,0,0,0,0,0,0,0,0,0,0,0,,2,1,-1,,,,5.5,,22.50051374
5397,C,KOVALENKO,Atalanta,1,0,0,0,0,0,0,0,0,0,0,0,0,0,,6,2,-4,,,,0,,-157.2458731
434,C,JAJALO,Udinese,1,5.5,5.5,0,0,0,0,0,0,0,0,0,0,0,,6,1,-5,,,,5.5,,22.50051374
3,P,RADUNOVIC,Atalanta,0,0,0,0,0,0,0,0,0,0,0,0,0,0,,1,1,0,,,,0,,-157.2458731
216,P,DONNARUMMA AN.,Milan,0,0,0,0,0,0,0,0,0,0,0,0,0,0,,1,1,0,,,,0,,-157.2458731
1921,P,ZIMA,Genoa,0,0,0,0,0,0,0,0,0,0,0,0,0,0,,1,1,0,,,,0,,-157.2458731
1946,P,ARESTI,Cagliari,0,0,0,0,0,0,0,0,0,0,0,0,0,0,,1,1,0,,,,0,,-157.2458731
2297,P,ROSSI F.,Atalanta,0,0,0,0,0,0,0,0,0,0,0,0,0,0,,1,1,0,,,,0,,-157.2458731
2790,P,ROSATI,Fiorentina,0,0,0,0,0,0,0,0,0,0,0,0,0,0,,1,1,0,,,,0,,-157.2458731
2845,P,CONTINI,Napoli,0,0,0,0,0,0,0,0,0,0,0,0,0,0,,1,1,0,,,,0,,-157.2458731
4349,C,NICOLUSSI CAVIGLIA,Parma,0,0,0,0,0,0,0,0,0,0,0,0,0,0,,1,1,0,,,,0,,-157.2458731
4351,P,BRANCOLINI,Fiorentina,0,0,0,0,0,0,0,0,0,0,0,0,0,0,,1,1,0,,,,0,,-157.2458731
4487,D,FERIGRA,Torino,0,0,0,0,0,0,0,0,0,0,0,0,0,0,,1,1,0,,,,0,,-157.2458731
4523,P,AVOGADRI,Sampdoria,0,0,0,0,0,0,0,0,0,0,0,0,0,0,,1,1,0,,,,0,,-157.2458731
4867,P,TURATI,Sassuolo,0,0,0,0,0,0,0,0,0,0,0,0,0,0,,1,1,0,,,,0,,-157.2458731
4883,P,BREZA,Bologna,0,0,0,0,0,0,0,0,0,0,0,0,0,0,,1,1,0,,,,0,,-157.2458731
4929,P,CIOCCI,Cagliari,0,0,0,0,0,0,0,0,0,0,0,0,0,0,,1,1,0,,,,0,,-157.2458731
4955,P,GORI P.,Benevento,0,0,0,0,0,0,0,0,0,0,0,0,0,0,,1,1,0,,,,0,,-157.2458731
4977,P,RAVAGLIA,Sampdoria,0,0,0,0,0,0,0,0,0,0,0,0,0,0,,1,1,0,,,,0,,-157.2458731
4981,P,KRAPIKAS,Spezia,0,0,0,0,0,0,0,0,0,0,0,0,0,0,,1,1,0,,,,0,,-157.2458731
5060,A,AKE' M.,Juventus,0,0,0,0,0,0,0,0,0,0,0,0,0,0,,1,1,0,,,,0,,-157.2458731
5304,P,BOER,Roma,0,0,0,0,0,0,0,0,0,0,0,0,0,0,,1,1,0,,,,0,,-157.2458731
5306,P,ALIA,Lazio,0,0,0,0,0,0,0,0,0,0,0,0,0,0,,1,1,0,,,,0,,-157.2458731
5316,D,AMIONE,Verona,0,0,0,0,0,0,0,0,0,0,0,0,0,0,,1,1,0,,,,0,,-157.2458731
5338,P,RINALDI,Parma,0,0,0,0,0,0,0,0,0,0,0,0,0,0,,1,1,0,,,,0,,-157.2458731
5345,P,FARELLI,Roma,0,0,0,0,0,0,0,0,0,0,0,0,0,0,,1,1,0,,,,0,,-157.2458731
4917,D,PRODL,Udinese,0,0,0,0,0,0,0,0,0,0,0,0,0,0,,2,1,-1,,,,0,,-157.2458731
5297,A,LUVUMBO,Cagliari,0,0,0,0,0,0,0,0,0,0,0,0,0,0,,2,1,-1,,,,0,,-157.2458731
2279,D,ROMAGNA,Sassuolo,0,0,0,0,0,0,0,0,0,0,0,0,0,0,,5,1,-4,,,,0,,-157.2458731
557,C,BENASSI,Verona,0,0,0,0,0,0,0,0,0,0,0,0,0,0,,9,1,-8,,,,0,,-157.2458731
